domain,property_id,display_name,account
apetsfarewell.com,356975619,A Pets Farewell - apetsfarewell.com,VMP
animalmedicalcenterofchicago.com,386756550,Animal medical center - animalmedicalcenterofchicago.com,VMP
cypresslakeanimalhospitalfortmyers.com,416418979,Cypress Animal Lake Hospital - cypresslakeanimalhospitalfortmyers.com,VMP
hotspringsvillagevet.com,416414262,All Pet Center / South Arkansas Emergency Veterinary Service - hotspringsvillagevet.com,VMP
crossroadspethospital.com,416414905,Crossroads Pet Hospital - crossroadspethospital.com,VMP
findingmypaws.com,416515694,Finding My Paws - findingmypaws.com,VMP
dp-connec,379187873,dp-connec,Pet Home Euthanasia
morristown.easyvet.com,261765020,easyvet Morristown - easyvet.com/location/veterinarian-morristown-tn,easyvet Clinics
allen.easyvet.com,261758104,easyvet Allen - easyvet.com/location/veterinarian-allen-tx,easyvet Clinics
madison.easyvet.com,261784805,easyvet Madison - easyvet.com/location/veterinarian-madison-al,easyvet Clinics
goodyear.easyvet.com,281736959,easyvet Goodyear - easyvet.com/location/veterinarian-goodyear-az,easyvet Clinics
libertypark.easyvet.com,284633494,easyvet Vestavia Hills AL - easyvet.com/location/veterinarian-liberty-park-al/,easyvet Clinics
greaterchattanooga.easyvet.com,285192770,easyvet Greater Chattanooga - easyvet.com/location/veterinarian-ooltewah-tn/,easyvet Clinics
santanvalley.easyvet.com,285150119,easyvet San Tan Valley - easyvet.com/location/veterinarian-queen-creek-az/,easyvet Clinics
midlothian.easyvet.com,285192505,easyvet Midlothian - easyvet.com/location/veterinarian-midlothian-va/,easyvet Clinics
easyvet.com,285182029,Easyvet1 - easyvet.com,easyvet Clinics
alpharetta.easyvet.com,285212605,easyvet Alpharetta - easyvet.com/location/veterinarian-alpharetta-ga/,easyvet Clinics
overlandpark.easyvet.com,285195407,easyvet Overland park - easyvet.com/location/veterinarian-overland-park-ks/,easyvet Clinics
frisco.easyvet.com,285192005,easyvet Frisco - easyvet.com/location/veterinarian-frisco-tx/,easyvet Clinics
easyvet.com,294231382,easyvet Knoxville - easyvet.com/location/veterinarian-knoxville-tn/,easyvet Clinics
mckinney.easyvet.com,298613413,"easyvet McKinney, TX - easyvet.com/location/veterinarian-mckinney-tx/",easyvet Clinics
easyvet.com,300701295,"easyvet Naples, FL - easyvet.com/location/veternarian-naples-fl/",easyvet Clinics
wintergarden.easyvet.com,303769734,"easyvet Winter Garden, FL - easyvet.com/location/winter-garden-fl",easyvet Clinics
forney.easyvet.com,303791742,"easyvet Forney, TX - easyvet.com/location/veterinarian-forney-tx",easyvet Clinics
easyvet.com,303796893,"easyvet The Villages, FL - easyvet.com/location/veterinarian-the-villages-fl",easyvet Clinics
estero.easyvet.com,303769837,"easyvet Estero, FL - easyvet.com/location/veterinarian-estero-fl",easyvet Clinics
richmond.easyvet.com,303790835,"easyvet Richmond, TX - easyvet.com/location/veterianrian-richmond-tx/",easyvet Clinics
cumming.easyvet.com,303764686,"easyvet Cumming, GA - easyvet.com/location/veterinarian-cumming-ga",easyvet Clinics
rosenberg.easyvet.com,303780528,"easyvet Rosenberg, TX - easyvet.com/location/veterinarian-rosenberg-tx/",easyvet Clinics
manvel.easyvet.com,303767110,"easyvet Manvel, TX - easyvet.com/location/veterinarian-manvel-tx",easyvet Clinics
melissa.easyvet.com,303803562,"easyvet Melissa, TX - easyvet.com/location/veterinarian-melissa-tx",easyvet Clinics
murfreesboro.easyvet.com,315266352,easyvet Murfreesboro - easyvet.com/location/veterinarian-murfreesboro-tn/,easyvet Clinics
iowacolony.easyvet.com,325615982,"easyvet Iowa Colony, TX - easyvet.com/location/veterinarian-iowa-colony-tx/",easyvet Clinics
easyvet.com,332785944,"easyvet Syracuse, UT - easyvet.com/location/veterinarian-syracuse-ut/",easyvet Clinics
magnolia.easyvet.com,332750606,"easyvet Magnolia, FL - easyvet.com/location/veterinarian-the-villages-magnolia-fl/",easyvet Clinics
easyvet.com,332768673,"easyvet Missouri City, TX - easyvet.com/location/missouri-city-tx/",easyvet Clinics
katy.easyvet.com,332761513,"easyvet Katy, TX - katy.easyvet.com",easyvet Clinics
fortmill.easyvet.com,332764945,"easyvet Fort Mill, SC - easyvet.com/location/veterinarian-fort-mill-sc/",easyvet Clinics
easyvet.com,332788588,"easyvet Trail Crossing, UT - easyvet.com/location/veterinarian-trail-crossing-ut/",easyvet Clinics
richmond.easyvet.com,349328309,"easyvet Richmond, TX - easyvet.com/location/veterianrian-aliana-tx",easyvet Clinics
magnolia.easyvet.com,362255952,"easyvet Magnolia, FL - easyvet.com/location/veterinarian-the-villages-magnolia-fl/",easyvet Clinics
katy.easyvet.com,362927692,"easyvet Katy, TX - easyvet.com/location/veterinarian-katy-tx/",easyvet Clinics
easyvet.com,365289005,easyvet1 Meta - easyvet.com,easyvet Clinics
rosenberg.easyvet.com,365552030,"easyvet Rosenberg, TX - easyvet.com/location/veterianarian-prosper-tx",easyvet Clinics
easyvet.com,367403862,"easyvet Syracuse, UT - easyvet.com/location/veterinarian-syracuse-ut/",easyvet Clinics
emergencyanimalhospitalkirkland.com,387066497,emergency animal hospital kirkland - emergencyanimalhospitalkirkland.com,Finn Hill Animal Hospital
pethomeeuthanasiaorangecounty.com,362504939,Pet Euthanasia Orange County - pethomeeuthanasiaorangecounty.com,Pet Home Euthanasia Service
everettvet.com,397686391,Everett Veterinary Hospital - everettvet.com,Everett Veterinary Hospital
vetcheckpucc.com,286258302,Vetcheck Carmel - vetcheckpucc.com/locations/indiana/carmel,Vet Check pet urgent care center
vetcheckpucc.com,286236610,vetcheck Fishers - vetcheckpucc.com,Vet Check pet urgent care center
vetcheckpucc.com,371921167,VetCheck Frisco - vetcheckpucc.com/locations/texas/frisco/emergency-and-urgent-care,Vet Check pet urgent care center
veterinarianportertx.com,253032892,All Community Animal Hospital - veterinarianportertx.com,Destination Pet 1
animaltenderpetresort.com,253117842,Animal Tender Pet Resort - animaltenderpetresort.com,Destination Pet 1
americanpetspa.com,253141883,American Pet Spa - americanpetspa.com,Destination Pet 1
veterinariansangertx.com,253108957,Animal Hospital On Milam Road - veterinariansangertx.com,Destination Pet 1
veterinarianatascocitatx.com,253175455,Atascocita Animal Hospital - veterinarianatascocitatx.com,Destination Pet 1
veterinarianstatenislandny.com,253134545,CompleteCare Veterinary Center - veterinarianstatenislandny.com,Destination Pet 1
veterinarianwestminsterco.com,253163484,Church Ranch Veterinary Center - veterinarianwestminsterco.com,Destination Pet 1
veterinarianmarblefallstx.com,253145067,Hope Animal Clinic - veterinarianmarblefallstx.com,Destination Pet 1
veterinarianculebracreektx.com,253113534,Culebra Creek Veterinary Hospital - veterinarianculebracreektx.com,Destination Pet 1
veterinarianlongislandny.com,253163805,City Vet Veterinary Clinic - veterinarianlongislandny.com,Destination Pet 1
veterinariansantafenm.com,253130115,Eldorado Animal Clinic - veterinariansantafenm.com,Destination Pet 1
veterinarianwoodstockga.com,253174987,Dest Pet Pet Hotel of Woodstock - veterinarianwoodstockga.com,Destination Pet 1
dogaholics.com,253185676,Dogaholics - dogaholics.com,Destination Pet 1
myclubcanine.com,253123666,Club Canine - myclubcanine.com,Destination Pet 1
endlesslovepetpalace.com,253114770,Dest Pet Endless Love - endlesslovepetpalace.com,Destination Pet 1
veterinarianmonroela.com,253119624,Monroe Animal Health Center - veterinarianmonroela.com,Destination Pet 1
veterinarianstoneoaktx.com,253123584,Stone Oak Veterinary Clinic - veterinarianstoneoaktx.com,Destination Pet 1
lifeofrileypethotel.com,253119104,Life of Riley Pet Hotel - lifeofrileypethotel.com,Destination Pet 1
jonesboroanimalhospital.com,253155664,Jonesboro Animal Hospital - jonesboroanimalhospital.com,Destination Pet 1
veterinarianhuebneroakstx.com,253172448,Huebner Oaks Veterinary Hospital - veterinarianhuebneroakstx.com,Destination Pet 1
veterinariankingwoodtx.com,253113537,Kings Crossing Animal Hospital - veterinariankingwoodtx.com,Destination Pet 1
veterinarianbaysideny.com,253172555,North Shore Animal Hospital - veterinarianbaysideny.com,Destination Pet 1
veterinarianmurrayhillny.com,253168274,Murray Hill Pet Hospital - veterinarianmurrayhillny.com,Destination Pet 1
mvpdvm.com,253170612,Midlands Veterinary Practice - mvpdvm.com,Destination Pet 1
wescottacres.com,253132142,Wescott Acres - wescottacres.com,Destination Pet 1
veterinariannorthwoodtx.com,253180497,Northwood Animal Hospital - veterinariannorthwoodtx.com,Destination Pet 1
veterinarianprospertx.com,253176422,Windmill Veterinary Center - veterinarianprospertx.com,Destination Pet 1
pawsresort.com,253180819,Paws & Pals Resort - pawsresort.com,Destination Pet 1
veterinarianjamaicany.com,253186736,Veterinary Care Unlimited - veterinarianjamaicany.com,Destination Pet 1
roverresort.com,253169248,Rover Resort (134) - roverresort.com,Destination Pet 1
veterinarianirvingtx.com,253181219,Story Road Animal Hospital - veterinarianirvingtx.com,Destination Pet 1
veterinariansanantoniotx.com,253190291,Town & Country Veterinary Hospital - veterinariansanantoniotx.com,Destination Pet 1
pamperedpoochplayground.com,290851179,Pampered Pooch Playground - pamperedpoochplayground.com,Destination Pet 1
animalmedicalhosp.com,291715127,Animal Medical Hospital (150),Destination Pet 1
whitestonevetcare.com,292276410,Whitestone Vet Care - whitestonevetcare.com,Destination Pet 1
bowwowlounge.com,295110041,Bow Wow Lounge - bowwowlounge.com,Destination Pet 1
raintreepetscottsdale.com,296379754,Raintree Pet Resort - raintreepetscottsdale.com,Destination Pet 1
atlantapetresort.com,297227246,Atlanta Pet Resort - atlantapetresort.com,Destination Pet 1
sabalchaseanimalclinic.com,297201300,Sabal Chase Animal Clinic (163) - sabalchaseanimalclinic.com,Destination Pet 1
rivermistpetlodge.com,297898383,Rivermist Pet Lodge - rivermistpetlodge.com,Destination Pet 1
k-9coach.com,304595365,K9 Coach - k-9coach.com,Destination Pet 1
doggydaycamp.com,306106575,Happy Camper Doggy Day Camp & SleepOver - doggydaycamp.com,Destination Pet 1
thekennelcare.com,327771011,The Kennel Care - thekennelcare.com,Destination Pet 1
golrusk.com,452253560,Golrusk Pet Care - golrusk.com,Destination Pet 1
happydogsplayandstay.com,452233701,Happy Dogs Play and Stay - happydogsplayandstay.com,Destination Pet 1
rockstarpetschicago.com,452224344,Rockstar Pets Chicago - rockstarpetschicago.com,Destination Pet 1
oviedopetresort.com,452261234,Oviedo Pet Resort - oviedopetresort.com,Destination Pet 1
wholedogz.com,452258608,Whole Dogz - wholedogz.com,Destination Pet 1
brookesbedandbiscuit.co,452237810,Brooke's Bed & Biscuit - brookesbedandbiscuit.co,Destination Pet 1
allfriendsanimalhospital.com,452253055,All Friends Animal Hospital - allfriendsanimalhospital.com,Destination Pet 1
atouchofclasspetresort.com,452232213,Touch of Class Pet Resort - atouchofclasspetresort.com,Destination Pet 1
dogdaysandnights.com,452233925,Dog Days - dogdaysandnights.com,Destination Pet 1
woofroomroseville.com,291696156,The Woof Room - woofroomroseville.com,Destination Pet 2
thecatclinic.com,297248949,The Cat Clinic - thecatclinic.com,Destination Pet 2
teclask9academy.com,297905515,TK 9 Academy - teclask9academy.com,Destination Pet 2
poshpawresort.com,306500844,The Posh Paw Resort - poshpawresort.com,Destination Pet 2
itsadogsliferesort.com,336685870,Its A Dogs Life Resort - itsadogsliferesort.com,Destination Pet 2
countrykennelboarding.com,346707534, Country Kennel - countrykennelboarding.com,Destination Pet 2
bedandbiscuit.com,346761034,Best Friends Bed & Biscuit - bedandbiscuit.com,Destination Pet 2
campwaggingtails.com,346733034,Camp Wagging Tails - campwaggingtails.com,Destination Pet 2
holidaypethotel.com,347102534,Holiday Pet Hotel - holidaypethotel.com,Destination Pet 2
zionsvillekennel.com,348001811,Zionsville Country Kennel - zionsvillekennel.com,Destination Pet 2
k9kaos.com,436602804,K9 Kaos - k9kaos.com,Destination Pet 2
topdogretreat.com,436588379,Top Dog Retreat - topdogretreat.com,Destination Pet 2
wolfpackcanine.com,436567630,Top Dog Retreat - wolfpackcanine.com,Destination Pet 2
petnationlodge.net,436558244,Pet Nation Lodge - petnationlodge.net,Destination Pet 2
exceptionalpets.com,255041959,Exceptional Pets Green Valley - exceptionalpets.com/locations/green-valley,Exceptional Pets _ VMP
exceptionalpets.com,255038360,Exceptional Pets Cave Creek - exceptionalpets.com/locations/cave-creek,Exceptional Pets _ VMP
exceptionalpets.com,255022600,Exceptional Pets Maricopa - exceptionalpets.com/locations/maricopa,Exceptional Pets _ VMP
exceptionalpets.com,255023626,Exceptional Pets Chandler - exceptionalpets.com/locations/chandler,Exceptional Pets _ VMP
exceptionalpets.com,255035160,Exceptional Pets Mesa - exceptionalpets.com/locations/mesa,Exceptional Pets _ VMP
exceptionalpets.com,254960525,Exceptional Pets Main - exceptionalpets.com,Exceptional Pets _ VMP
achwalnutcreek.com,350034575,Animal Care Hospital of Walnut Creek - GA4,Animal Care Hospital of Walnut Creek - achwalnutcreek.com
veterinarianrecruiter.com,287667276,Veterinarian Recruiter - veterinarianrecruiter.com,Vetcelerator Brand
vetcelerator.com,327308495,Vetcelerator - vetcelerator.com,Vetcelerator Brand
portal.vetcelerator.com,478862146,Vetcelerator Client Portal ,Vetcelerator Brand
novaanimalhospitalva.com,309187388,Nova Animal Hospital - novaanimalhospitalva.com,Doctor K Accounts
vetcelerator.com,327707209,Main,Vetcelerator
veterinarianofgreenwoodvillageco.com,333354799,https://veterinarianofgreenwoodvillageco.com/,Advanced Veterinary Care
smallanimalemergencyhospitalofwestfield.com,252513357,Small Animal Emergency Hospital of Westfield - GA4,Vetcelerator Clients Accounts 2025
spiritof76thveterinaryclinic.com,253947371,Spirit of 76th Veterinary Clinic - https://spiritof76thveterinaryclinic.com/,Vetcelerator Clients Accounts 2025
dugansdoghouse.com,257589975,Dugan's Dog House - dugansdoghouse.com,Vetcelerator Clients Accounts 2025
abbeyvetantioch.com,260913914,Abbey Vet Hospital - abbeyvetantioch.com,Vetcelerator Clients Accounts 2025
salmonrivermobilevet.com,295232733,Salmon River Mobile Vet - salmonrivermobilevet.com,Vetcelerator Clients Accounts 2025
shepherdsvineyardanimalhospital.com,300278419,Shepherds Vineyard Animal Hospital - shepherdsvineyardanimalhospital.com,Vetcelerator Clients Accounts 2025
westsideveterinarymariettaga.com,301671505,West Side Veterinary Marietta - westsideveterinarymariettaga.com,Vetcelerator Clients Accounts 2025
clubhillanimalclinic.com,325666719,GA4 tracking,Vetcelerator Clients Accounts 2025
mariemontvetclinic.com,327656538,Mariemont Veterinary Center GA4,Vetcelerator Clients Accounts 2025
catgroominghousecall.com,332683108,Cat Grooming House Call - catgroominghousecall.com,Vetcelerator Clients Accounts 2025
novatovetclinic.com,334798110,Center Veterinary Clinic - novatovetclinic.com,Vetcelerator Clients Accounts 2025
nbanimalurgentcare.com,338356960,NB Animal Urgent Care,Vetcelerator Clients Accounts 2025
creaturecomfortsveterinary.com,347008369,Creature Comforts - creaturecomfortsveterinary.com,Vetcelerator Clients Accounts 2025
laurelpetresort.com,347023178,Laurel Pet Resort - laurelpetresort.com,Vetcelerator Clients Accounts 2025
nortonanimalhealthcenter.com,347289013,Norton Health Center - nortonanimalhealthcenter.com,Vetcelerator Clients Accounts 2025
countryclubvet.com,348905664,Country Club Veterinary Clinic - countryclubvet.com,Vetcelerator Clients Accounts 2025
abcvetoflewisville.com,350030153,ABC Veterinary Clinic of Lewisville - abcvetoflewisville.com,Vetcelerator Clients Accounts 2025
4paws.vet,350020001,4 Paws Mobile Veterinary Services - 4paws.vet ,Vetcelerator Clients Accounts 2025
emergencyvetpugetsound.com,350016960,Affordable Animal Emergency Clinic - emergencyvetpugetsound.com,Vetcelerator Clients Accounts 2025
colonialblvdanimalhospital.com,350205823,Colonial Animal Hospital - colonialblvdanimalhospital.com,Vetcelerator Clients Accounts 2025
dollysanimalclinic.com,353197163,Dollys Animal Clinic - dollysanimalclinic.com,Vetcelerator Clients Accounts 2025
premiumvetcare.com,356938251,Premiumvetcare.com - premiumvetcare.com,Vetcelerator Clients Accounts 2025
veterinarianofgreenwoodvillageco.com,356973054,Advanced Veterinary Care - veterinarianofgreenwoodvillageco.com,Vetcelerator Clients Accounts 2025
fremontanimalhospital.net,358969634,Fremont Animal Hospital - fremontanimalhospital.net,Vetcelerator Clients Accounts 2025
855petvet.com,358986417,Pet Vet Vaccination Services LLC - 855petvet.com,Vetcelerator Clients Accounts 2025
riverviewveterinarycenter.com,358959649,Riverview Veterinary Center - riverviewveterinarycenter.com,Vetcelerator Clients Accounts 2025
familyveterinaryinc.com,360142634,Family Veterinary Inc. - familyveterinaryinc.com,Vetcelerator Clients Accounts 2025
wildernesstracevetclinic.com,360948930,Wilderness Trace Veterinary Clinic  - wildernesstracevetclinic.com,Vetcelerator Clients Accounts 2025
cedarridgevetok.com,360957354,Cedar Ridge Veterinary Hospital   - cedarridgevetok.com,Vetcelerator Clients Accounts 2025
happypawshousecall.com,361264713,Happy Paws House Calls - GA4,Vetcelerator Clients Accounts 2025
alex-the-cat-groomer.business.site,362132905,Alex The Cat Groomer - alex-the-cat-groomer.business.site,Vetcelerator Clients Accounts 2025
foresthillvet.com,362611789,Forest Hill Veterinary Hospital - foresthillvet.com,Vetcelerator Clients Accounts 2025
thecompletecatveterinaryclinic.com,362699528,thecompletecatveterinaryclinic.com - thecompletecatveterinaryclinic.com,Vetcelerator Clients Accounts 2025
veterinaryhealingimaging.com,362765079,VETERINARY HEALING & ADVANCED IMAGING - veterinaryhealingimaging.com,Vetcelerator Clients Accounts 2025
fayettevilleanimalclinic-tn.com,362898880,Fayetteville Animal Clinic Tn - fayettevilleanimalclinic-tn.com,Vetcelerator Clients Accounts 2025
companimal.com,363140959,Companion Animal Hospital - companimal.com,Vetcelerator Clients Accounts 2025
miamipetclinic.com,365860687,Miami Pet Clinic - miamipetclinic.com,Vetcelerator Clients Accounts 2025
spec-chem.com,366619843,"Specification Chemicals, INC - GA4",Vetcelerator Clients Accounts 2025
athomevetservices.com,367112977,At home Veterinary Services - athomevetservices.com,Vetcelerator Clients Accounts 2025
stoneridgeanimalhospital.com,367908319,stoneridgeanimalhospital.com - stoneridgeanimalhospital.com,Vetcelerator Clients Accounts 2025
evergreenpetvet.com,370648172,UA tracking - GA4,Vetcelerator Clients Accounts 2025
jaredthecatgroomer.com,371105415,Jared the Cat Groomer - jaredthecatgroomer.com,Vetcelerator Clients Accounts 2025
cedarbrookvet.com,371318964,Cedarbrook Veterinary Care - cedarbrookvet.com,Vetcelerator Clients Accounts 2025
petcarecenter.org,378125644,Pet Care & Surgery Center - petcarecenter.org,Vetcelerator Clients Accounts 2025
westbabylonanimalhospital.com,385853899,West Babylon Animal Hospital - westbabylonanimalhospital.com,Vetcelerator Clients Accounts 2025
pehn.ca,390756053,Hamilton Niagara Pet Euthanasia Mobile Services - peteuthanasiahamiltonniagara.ca,Vetcelerator Clients Accounts 2025
lyonveterinaryclinic.com,394593456,Lyon Veterinary Clinic - lyonveterinaryclinic.com,Vetcelerator Clients Accounts 2025
4petsanimalclinic.com,394644617,4 Pets Animal Clinic - 4petsanimalclinic.com,Vetcelerator Clients Accounts 2025
veterinaryhomehealthcare.net,395044285,Veterinary Home Healthcare & Chiropractic - veterinaryhomehealthcare.net,Vetcelerator Clients Accounts 2025
eastwestah.com,395159826,East & West AH - eastwestah.com,Vetcelerator Clients Accounts 2025
everettvet.com,395451633,Everett Veterinary Hospital - everettvet.com,Vetcelerator Clients Accounts 2025
finnhillanimalhospital.com,395439333,Finn Hill Animal Hospital - finnhillanimalhospital.com,Vetcelerator Clients Accounts 2025
dickinmemorialanimalhospital.com,396278801,Dickin Memorial Animal Hospital - dickinmemorialanimalhospital.com,Vetcelerator Clients Accounts 2025
bayanimalhospital.net,396365492,Bay Animal Hospital - bayanimalhospital.net,Vetcelerator Clients Accounts 2025
brownanimalhosp.com,397148666,Brown Animal Hospital - brownanimalhosp.com,Vetcelerator Clients Accounts 2025
vetmidland.com,402524484,River Rock Animal Hospital - vetmidland.com,Vetcelerator Clients Accounts 2025
elmgroveah.com,403148220,Elm Grove Animal Hospital - elmgroveah.com,Vetcelerator Clients Accounts 2025
hefnerroadanimalhospital.com,403257070,Hefner Road Animal Hospital - hefnerroadanimalhospital.com,Vetcelerator Clients Accounts 2025
hefnerroadpetresort.com,403251452,Hefner Road Pet Resort - hefnerroadpetresort.com,Vetcelerator Clients Accounts 2025
frenshipvet.com,405134573,Frenship Veterinary Clinic - frenshipvet.com,Vetcelerator Clients Accounts 2025
juxhealth.com,407500203,Jux Health - juxhealth.com,Vetcelerator Clients Accounts 2025
drfitzsbayside.com,411598023,Dr Fitz's Bayside Animal Clinic - drfitzsbayside.com,Vetcelerator Clients Accounts 2025
locusttraceveterinaryclinic.com,413610000,Locust Trace Veterinary Clinic - locusttraceveterinaryclinic.com,Vetcelerator Clients Accounts 2025
ocfamilyanimalcare.com,413981961,Orange City Family Animal Care - ocfamilyanimalcare.com,Vetcelerator Clients Accounts 2025
Clarksburganimalhospital.com,414094108,Clarksburg Animal Hosptial - clarksburganimalhospital.com,Vetcelerator Clients Accounts 2025
hamptonparkvets.com.au,414087672,Hampton Park Veterinary Hospital - hamptonparkvets.com.au,Vetcelerator Clients Accounts 2025
ciceroanimalclinic.com,416458362,Cicero Animal Clinic P. C - ciceroanimalclinic.com,Vetcelerator Clients Accounts 2025
compassionveterinarycenter.com,416454683,Compassion Veterinary Center - compassionveterinarycenter.com,Vetcelerator Clients Accounts 2025
dickinmemorialanimalhospital.com,416444069,Dickin Memorial Animal Hospital - dickinmemorialanimalhospital.com,Vetcelerator Clients Accounts 2025
mcmillinvet.com,416341142,McMillin Animal Hospital - mcmillinvet.com,Vetcelerator Clients Accounts 2025
birdexoticvet.com,416491384,The Bird and Exotic Hospital - birdexoticvet.com,Vetcelerator Clients Accounts 2025
homewardboundvetservices.com,416488157,Homeward Bound Vet Services - homewardboundvetservices.com,Vetcelerator Clients Accounts 2025
apetsfarewell.com,416504143,A Pets Farewell - apetsfarewell.com,Vetcelerator Clients Accounts 2025
veterinarianofgreenwoodvillageco.com,416521178,Veterinarian Of Green Wood Village co - veterinarianofgreenwoodvillageco.com,Vetcelerator Clients Accounts 2025
laurelpetresort.com,416493586,Laurel Pet Resort - laurelpetresort.com,Vetcelerator Clients Accounts 2025
robinsonah.com,416561924,Robinson Animal Hospital - robinsonah.com,Vetcelerator Clients Accounts 2025
pvmcvet.com,416492876,Preventive Veterinary Medicine Clinic - pvmcvet.com ,Vetcelerator Clients Accounts 2025
novatovetclinic.com,416863370,Novato Center Veterinary Clinic - novatovetclinic.com,Vetcelerator Clients Accounts 2025
fayettevilleanimalclinic-tn.com,416850187,Fayetteville Animal Clinic TN - fayettevilleanimalclinic-tn.com,Vetcelerator Clients Accounts 2025
animalmedicalcenterkc.com,416849893,Animal Medical Center Kansas City - animalmedicalcenterkc.com,Vetcelerator Clients Accounts 2025
miamipetclinic.com,416860227,Miami Pet Clinic - miamipetclinic.com,Vetcelerator Clients Accounts 2025
familyveterinaryinc.com,416847717,Family Veterinary Inc - familyveterinaryinc.com,Vetcelerator Clients Accounts 2025
kellycrossinganimalhospital.com,416838765,Kellycrossing Animal Hospital - kellycrossinganimalhospital.com,Vetcelerator Clients Accounts 2025
happyvalleypethospital.com,416796294,Happy Valley Pet Hospital - happyvalleypethospital.com,Vetcelerator Clients Accounts 2025
emergencyanimalhospitalkirkland.com,416873499,Finn Hill Animal Hospital and Urgent Care - emergencyanimalhospitalkirkland.com,Vetcelerator Clients Accounts 2025
maynardaffordablepeturgentcare.com,416883974,Maynard Animal Hospital - maynardaffordablepeturgentcare.com,Vetcelerator Clients Accounts 2025
pinehurstveterinaryhospitalolympia.com,416853809,Pinehurst Veterinary Hospital Olympia - pinehurstveterinaryhospitalolympia.com,Vetcelerator Clients Accounts 2025
sweethomevets.com,416904872,Sweethome Veterinary Hospital - sweethomevets.com,Vetcelerator Clients Accounts 2025
stoneridgeanimalhospital.com,416837014,Stoneridge Animal Hospital - stoneridgeanimalhospital.com,Vetcelerator Clients Accounts 2025
thecompletecatveterinaryclinic.com,416831323,The complete Cat Veterinary Clinic - thecompletecatveterinaryclinic.com,Vetcelerator Clients Accounts 2025
bigislandpetcarecenter.org,417896154,Big Island Pet Care Center - bigislandpetcarecenter.org,Vetcelerator Clients Accounts 2025
heritageanimalclinicmadison.com,418161084,Heritage Animal Clinic - heritageanimalclinicmadison.com,Vetcelerator Clients Accounts 2025
myvetchesapeake.com,420409215,MyVet Chesapeake - myvetchesapeake.com,Vetcelerator Clients Accounts 2025
foxvets.com,420503100,Fox Veterinary Hospital - foxvets.com,Vetcelerator Clients Accounts 2025
camdenanimalhosp.com,421709611,Camden Animal Hospital - camdenanimalhosp.com,Vetcelerator Clients Accounts 2025
mtberryah.com,424405053,Mount Berry Animal Hospital - mtberryah.com,Vetcelerator Clients Accounts 2025
arabvethospital.com,424459368,Arab Veterinary Hospital - arabvethospital.com,Vetcelerator Clients Accounts 2025
marianaanimalhospital.com,424466651,Marianna Animal Hospital - marianaanimalhospital.com,Vetcelerator Clients Accounts 2025
allcreatureswy.com,424841405,All Creatures Veterinary Hospital - allcreatureswy.com,Vetcelerator Clients Accounts 2025
somervilleanimalhospital.com,428403598,Somerville Animal Hospital - somervilleanimalhospital.com,Vetcelerator Clients Accounts 2025
greenbrieranimalclinic.net,428371091, Greenbrier Animal Clinic - greenbrieranimalclinic.net,Vetcelerator Clients Accounts 2025
anchorbayvc.com,428883732,Anchor Bay Veterinary Center - anchorbayvc.com,Vetcelerator Clients Accounts 2025
cavespringah.com,429599989,Cave Spring Animal Hospital - cavespringah.com,Vetcelerator Clients Accounts 2025
delvallepethospital.com,429813408,Del Valle Pet Hospital - delvallepethospital.com,Vetcelerator Clients Accounts 2025
dirigovet.com,430335854,Dirigo Veterinary Care - dirigovet.com,Vetcelerator Clients Accounts 2025
allaboardanimal.com,430395753,All Aboard Animal Hospital - allaboardanimal.com,Vetcelerator Clients Accounts 2025
fleurpethospital.com,431133406,Fleur Pet Hospital - fleurpethospital.com,Vetcelerator Clients Accounts 2025
dogtopia.com,431615004,Dogtopia Fort Myers - dogtopia.com,Vetcelerator Clients Accounts 2025
waggintailslodge.com,433145537,Sequoyah Waggin Tails Lodge - waggintailslodge.com,Vetcelerator Clients Accounts 2025
npahvet.com,434226435,North Powers Animal Hospital - npahvet.com,Vetcelerator Clients Accounts 2025
thegaragehairlounge.com,436300159,The Garage Hair Lounge - thegaragehairlounge.com,Vetcelerator Clients Accounts 2025
mahometanimalhospital.com,436713895,Mahomet Animal Hospital - mahosp.info,Vetcelerator Clients Accounts 2025
airwayveterinaryclinic.com,437831648,Airway Veterinary Clinic - airwayveterinaryclinic.com,Vetcelerator Clients Accounts 2025
petnestanimalhospital.com,442401081,PetNest - petnestanimalhospital.com,Vetcelerator Clients Accounts 2025
vetnewburgh.com,442767434,Stone Cottage Veterinary Hospital - vetnewburgh.com ,Vetcelerator Clients Accounts 2025
animalhospitalbowlinggreenky.com,442915169,Premier Animal Wellness & Surgery Hospital - animalhospitalbowlinggreenky.com,Vetcelerator Clients Accounts 2025
willowbendvetclinic.com,444832111,Willow Bend Veterinary Clinic - willowbendvetclinic.com,Vetcelerator Clients Accounts 2025
republicanvalleyveterinaryclinic.com,445805884,Republican Valley Veterinary Clinic - republicanvalleyveterinaryclinic.com,Vetcelerator Clients Accounts 2025
giovannimedspa.com,446828988,Giovanni Med Spa - giovannimedspa.com,Vetcelerator Clients Accounts 2025
chaseoaksvet.com,450433645,Chase Oaks Animal Clinic - chaseoaksvet.com,Vetcelerator Clients Accounts 2025
pumpkinhillvet.com,450439413,Pumpkin Hill Veterinary Clinic - pumpkinhillvet.com,Vetcelerator Clients Accounts 2025
easthollandvet.net,451515594,East Holland Veterinary Clinic - easthollandvet.net,Vetcelerator Clients Accounts 2025
hefnerroadanimalhospital.com,451490449,Hefner Road Animal Hospital - hefnerroadanimalhospital.com,Vetcelerator Clients Accounts 2025
apetsfarewell.com,451812732,The Colony Animal Clinic - thecolonyanimalclinic.com,Vetcelerator Clients Accounts 2025
jupiterveterinaryhospital.com,452462770,Jupiter Veterinary Hospital - jupiterveterinaryhospital.com,Vetcelerator Clients Accounts 2025
cloverleafac.com,452521174,Cloverleaf Animal Clinic - cloverleafac.com,Vetcelerator Clients Accounts 2025
herdhealth.com,453029207,Herd Health Management - herdhealth.com,Vetcelerator Clients Accounts 2025
petsmartvetgeorgetown.com,455168685,PetSmart Vet Services Georgetown - petsmartvetgeorgetown.com,Vetcelerator Clients Accounts 2025
49thstreetvet.com,455531407,49th Street Veterinary Clinic - 49thstreetvet.com,Vetcelerator Clients Accounts 2025
allpawsanimalhospital.com,456267855,All Paws Animal Hospital - allpawsanimalhospital.com,Vetcelerator Clients Accounts 2025
shilandah.com,459601893,Shiland Animal Hospital - shilandah.com,Vetcelerator Clients Accounts 2025
greenlevelvet.com,461585814,Green Level Animal Hospital - greenlevelvet.com,Vetcelerator Clients Accounts 2025
northernpikevets.com,464325622,Northern Pike Veterinary Hospital - northernpikevets.com,Vetcelerator Clients Accounts 2025
mobilevetindiana.com,466065449,Mobile Vet Care Indiana - mobilevetindiana.com,Vetcelerator Clients Accounts 2025
myvillagepetclinic.com,466834054,My Village Pet Clinic - myvillagepetclinic.com,Vetcelerator Clients Accounts 2025
truvetpethospital.com,468044834,TruVet Pet Hospital - truvetpethospital.com,Vetcelerator Clients Accounts 2025
animalcove.com,470151605,Animal Cove Pet Hospital - animalcove.com,Vetcelerator Clients Accounts 2025
happypawshousecall.com,470152254,Happy Paws House Calls - happypawshousecall.com,Vetcelerator Clients Accounts 2025
coopscreekvet.com,470550464,Coops Creek Veterinary Clinic - coopscreekvet.com,Vetcelerator Clients Accounts 2025
petsmartvetspringfield.com,475080998,PetSmart Vet Services Springfield - petsmartvetspringfield.com,Vetcelerator Clients Accounts 2025
veterinarianordne.com,475774010,Ord Animal Clinic - veterinarianordne.com,Vetcelerator Clients Accounts 2025
toptailsvet.com,478051638,TopTails - toptailsvet.com,Vetcelerator Clients Accounts 2025
sequoyahk9academy.com,479065232,Sequoyah K9 Academy - sequoyahk9academy.com,Vetcelerator Clients Accounts 2025
redlandsanimalhospital.net,480073913,Redlands Animal Hospital - redlandsanimalhospital.net,Vetcelerator Clients Accounts 2025
justforpetsanimalhospital.com,480882806,Just for Pets Animal Hospital - justforpetsanimalhospital.com,Vetcelerator Clients Accounts 2025
frisco.easyvet.com,481872372,Easyvet Frisco - frisco.easyvet.com,Vetcelerator Clients Accounts 2025
allen.easyvet.com,482355611,Easyvet Allen - allen.easyvet.com,Vetcelerator Clients Accounts 2025
ahofl.com,482372604,Animal Hospital of Fort Lauderdale - ahofl.com,Vetcelerator Clients Accounts 2025
melissa.easyvet.com,483207102,Easyvet Melissa - melissa.easyvet.com,Vetcelerator Clients Accounts 2025
barekittywaxing.com,484078550,Bare Kitty Waxing - barekittywaxing.com,Vetcelerator Clients Accounts 2025
mariemontvetclinic.com,485384841,Mariemont Veterinary Clinic - mariemontvetclinic.com,Vetcelerator Clients Accounts 2025
burienvet.com,487282687,Burien Veterinary Hospital - burienvet.com,Vetcelerator Clients Accounts 2025
davisonvethospital.com,487519612,Davison Vet Integrated Care - davisonvethospital.com,Vetcelerator Clients Accounts 2025
kindnessanimal.com,487975173,Kindness Animal Hospital - kindnessanimal.com,Vetcelerator Clients Accounts 2025
westgateanimalhospitalwa.com,493060844,Westgate Animal Hospital - westgateanimalhospitalwa.com,Vetcelerator Clients Accounts 2025
affordableanimalhospitaltacoma.com,493013303,Affordable Animal Hospital - affordableanimalhospitaltacoma.com,Vetcelerator Clients Accounts 2025
cameronvet.com,493263043,Cameron Veterinary Hospital - cameronvet.com,Vetcelerator Clients Accounts 2025
companioncareanimalhospital.com,494389698,Companion Care Animal Hospital - companioncareanimalhospital.com,Vetcelerator Clients Accounts 2025
pacificpawsvet.com,495004019,Pacific Paws,Vetcelerator Clients Accounts 2025
queencityvetclinic.com,497414279,queencityvetclinic.com,Vetcelerator Clients Accounts 2025
clubhillanimalclinic.com,497676304,Club Hill Animal Clinic - clubhillanimalclinic.com,Vetcelerator Clients Accounts 2025
gomurphyelectric.com,498887456,Murphy Electric - gomurphyelectric.com,Vetcelerator Clients Accounts 2025
orchardvethosp.com,500492123,Orchard Veterinary Clinic-orchardvethosp.com,Vetcelerator Clients Accounts 2025
delvetdental.com,501977153,Delaware Veterinary Dental Practice,Vetcelerator Clients Accounts 2025
homewardboundurgentcarevet.com,505198825,Homeward Bound Veterinary Services Urgent Care - homewardboundurgentcarevet.com,Vetcelerator Clients Accounts 2025
enoanimalhospital.com,346612794,Eno Animal Hospital - enoanimalhospital.com,Eno Animal Hospital
ahcbr.com,388429580,Animal Health Clinic - ahcbr.com,Destination Pet 3
basspetresort.com,390033109,Bass Pet Resort - basspetresort.com,Destination Pet 3
browndoglodge.com,390031614,Browndog Lodge - browndoglodge.com,Destination Pet 3
caninecourtyard.com,390045733,Canine Courtyard - caninecourtyard.com,Destination Pet 3
caninefitnessandfuncenter.com,390035835,Canine Fitness and Fun - caninefitnessandfuncenter.com,Destination Pet 3
divinecanine.com,390047567,Divine Canine - divinecanine.com,Destination Pet 3
dugansvethospital.com,390042609,Duganâ€™s Veterinary Hospital - dugansvethospital.com,Destination Pet 3
doggyhaven.com,390019349,Doggy Haven - doggyhaven.com,Destination Pet 3
allstarresort.net,390022948,All Star Pet Resort - allstarresort.net,Destination Pet 3
spartapetpalazzo.com,390055543,Sparta Pet Palazzo (147) - spartapetpalazzo.com,Destination Pet 3
dogdaysatlanta.com,390042610,Dog Days - dogdaysatlanta.com,Destination Pet 3
dugansdoghouse.com,390019253,Dugan's Dog House - dugansdoghouse.com,Destination Pet 3
thepetpalace.net,390053019,The Pet Palace - thepetpalace.net,Destination Pet 3
theyarddog.com,390020258,The Yard Dog - theyarddog.com,Destination Pet 3
dugansvet.com,390018634,Dugan's Veterinary Hospital (158) - dugansvet.com,Destination Pet 3
waggingtails.dog,390012248,Wet Noses & Wagging Tails - waggingtails.dog,Destination Pet 3
myuberdog.com,390024874,Uberdog - myuberdog.com,Destination Pet 3
wolfpackcanine.com,390030511,Wolf Pack Canine - wolfpackcanine.com,Destination Pet 3
greymontkennel.com,390043311,Greymont Kennel - greymontkennel.com,Destination Pet 3
lonestarpetlodges.com,390041008,Lone Star Pet Lodges - lonestarpetlodges.com,Destination Pet 3
thepawmankato.com,390053531,The Paw Mankato - thepawmankato.com,Destination Pet 3
twopondspetlodge.com,390045134,Two Ponds Pet Lodge - twopondspetlodge.com,Destination Pet 3
barkerspetcenter.com,390021729,The Barkers Pet Center - barkerspetcenter.com,Destination Pet 3
heritagepet.com,390015736,Heritage Pet - heritagepet.com,Destination Pet 3
mybunknbiscuit.com,390029312,Bluebonnet Bunk'n Biscuit - mybunknbiscuit.com,Destination Pet 3
shelterislandvet.com,390047959,Shelter Island Vet - shelterislandvet.com,Destination Pet 3
pupsatplay.net,390047249,Pups At Play - pupsatplay.net,Destination Pet 3
puppywood.com,390043847,Puppywood Montgomery & Anderson - puppywood.com,Destination Pet 3
mansbestfriend.com,390042419,Man's Best Friend - mansbestfriend.com,Destination Pet 3
simontonpets.com,390038984,Simonton Pets (124) - simontonpets.com,Destination Pet 3
pawprintinn.com,390040808,Paw Print Inn - pawprintinn.com,Destination Pet 3
thepeachtreepets.com,390047346,Peachtree Pets (formerly Puppy Tubs) - thepeachtreepets.com,Destination Pet 3
petnationlodge.net,390067324,Pet Nation Lodge - petnationlodge.net,Destination Pet 3
k9kaos.com,390040199,K9 Kaos - k9kaos.com,Destination Pet 3
paws-plaza.com,390033339,Paws Plaza - paws-plaza.com,Destination Pet 3
joyfulpawshotel.com,390033661,Joyful Paws - joyfulpawshotel.com,Destination Pet 3
norwichtownpetresort.com,390029721,Norwichtown Pet Resort and Spa - norwichtownpetresort.com,Destination Pet 3
southamptonpethospital.com,390014879,Southampton Pet Hospital - southamptonpethospital.com,Destination Pet 3
woofroom.com,390042624,The Woof Room - woofroom.com,Destination Pet 3
woof-petresort.com,390044437,Woof Pet Resort - woof-petresort.com,Destination Pet 3
simontonvet.com,390049696,Simonton Veterinary Clinic / Simonton Pet - simontonvet.com,Destination Pet 3
jillspetresort.com,390040813,Jill's Pet Resort - jillspetresort.com,Destination Pet 3
hounddogpethotels.com,390058691,Hound Dog (240/241/279) - hounddogpethotels.com,Destination Pet 3
happiandfriends.com,390038778,Happi & Friends - happiandfriends.com,Destination Pet 3
actionpackdogs.com,390019263,Action Pack Dog Center - actionpackdogs.com,Destination Pet 3
fondren5starpetresort.com,390028844,Fondren 5 Star Pet Resort - fondren5starpetresort.com,Destination Pet 3
dallaspetden.com,390039805,Dallas Pet Den - dallaspetden.com,Destination Pet 3
gagnonspetresort.com,390040054,Gagnons Pet Resort - gagnonspetresort.com,Destination Pet 3
ashcroftpetresort.com,390031648,Ashcroft Pet Resort - ashcroftpetresort.com,Destination Pet 3
dogspothotel.net,390040057,Dog Spot Hotel - dogspothotel.net,Destination Pet 3
bowwowbungalow.com,390047963,Bow Wow Bungalow - bowwowbungalow.com,Destination Pet 3
barkhotelfordogs.com,390055557,Bark Hotel for Dogs - barkhotelfordogs.com,Destination Pet 3
canalbark.com,390049707,Canal Bark - canalbark.com,Destination Pet 3
sealbeachanimalhospital.com,390983939,Seal Beach Animal Hospital - sealbeachanimalhospital.com,Destination Pet 3
exceptionalpets.com,391063434,Exceptional Pets - exceptionalpets.com,Destination Pet 3
deercreekah.net,392477043,Deer Creek Animal Hospital - deercreekah.net,Destination Pet 3
prosperdogretreat.com,392478299,Prosper Dog Retreat - prosperdogretreat.com,Destination Pet 3
nebelstah.com,392137660,Nebel St. Animal Hospital - nebelstah.com,Destination Pet 3
topdogretreat.com,392484494,Top Dog Retreat - topdogretreat.com,Destination Pet 3
poochpalaceresorts.com,392479437,The Pooch Palace Resort - poochpalaceresorts.com,Destination Pet 3
k9kampus.com,392186562,K9 Kampus - k9kampus.com,Destination Pet 3
ciceroanimalclinic.com,394565419,Cicero Animal Clinic - ciceroanimalclinic.com,Destination Pet 3
carefreepetresort.com,394570720,Carefree Pet Resort - carefreepetresort.com,Destination Pet 3
thepetspotco.com,394598600,The Dog Spot & The Cat Pad - thepetspotco.com,Destination Pet 3
oaccpets.com,394584490,Ortega Animal Care Center - oaccpets.com,Destination Pet 3
poshpawresort.com,394597388,The Posh Paw Resort - poshpawresort.com,Destination Pet 3
pvmcvet.com,395321606,Preventive Veterinary Medical Clinic - pvmcvet.com,Destination Pet 3
barkandlounge.net,415704408,Bark & Lounge Kirkwood (215) - barkandlounge.net,Destination Pet 3
escapethecrate.com,415683523,Escape the Crate (230/231) - escapethecrate.com,Destination Pet 3
dogspa.com,415754091,New York Dog Spa & Hotel - dogspa.com,Destination Pet 3
ruffhousing.com,415797618,Ruff Housing (178/179/180/181) - ruffhousing.com,Destination Pet 3
wagspetresort.com,415817821,Wags Pet Resort - wagspetresort.com,Destination Pet 3
bowchikawowtown.com,415977599,Bow chika Wow Town - bowchikawowtown.com,Destination Pet 3
browndoglodge.com,416093740,BrownDog Vet Clinic - browndoglodge.com,Destination Pet 3
clubfetch.com,416115253,Club Fetch - clubfetch.com,Destination Pet 3
colliervillecanineclub.com,416091119,Collierville Canine Club - colliervillecanineclub.com,Destination Pet 3
grandcaninehotel.com,416222955,Grand Canine Pet Hotel - grandcaninehotel.com,Destination Pet 3
dogpawz.com,416200443,Dog Pawz Leawood / Leawood Dog Paws Play N Stay - dogpawz.com,Destination Pet 3
dogdayzofcalifornia.com,416206289,Dog Dayz of California - dogdayzofcalifornia.com,Destination Pet 3
thekennelcare.com,416421990,KennelCare Pet Resort & Spa - thekennelcare.com,Destination Pet 3
loyalcanines.com,416398557,Loyal Canines Fitness & Training - loyalcanines.com,Destination Pet 3
sunnyacrespetresort.com,416433705,Sunny Acres Pet Resort - sunnyacrespetresort.com,Destination Pet 3
yourgipet.com,416423688,Yourgi National - yourgipet.com,Destination Pet 3
thepetspotco.com,416411355,The Pet Spot - thepetspotco.com,Destination Pet 3
petzplaza.com,416413834,Petz Plaza - petzplaza.com,Destination Pet 3
valleylyonsvets.com,416382858,Valley Lyons Veterinary Hospital - valleylyonsvets.com,Destination Pet 3
